<rss xmlns:atom="http://www.w3.org/2005/Atom" version="2.0">
    <channel>
        <title>SeaWave</title>
        <link>https://seawave.com/en/</link>
        <description>欢迎来到SeaWave的Blog</description>
        <generator>Hugo -- gohugo.io</generator><language>en</language><managingEditor>zheng@seawave.top (seawave)</managingEditor>
            <webMaster>zheng@seawave.top (seawave)</webMaster>
            <atom:link href="https://seawave.com/en/index.xml" rel="self" type="application/rss+xml" />
        </channel>
</rss>
