<rss xmlns:atom="http://www.w3.org/2005/Atom" version="2.0">
    <channel>
        <title>spring boot - 标签 - SeaWave</title>
        <link>https://seawave.com/tags/spring-boot/</link>
        <description>spring boot - 标签 - SeaWave</description>
        <generator>Hugo -- gohugo.io</generator><language>zh-CN</language><managingEditor>zheng@seawave.top (seawave)</managingEditor>
            <webMaster>zheng@seawave.top (seawave)</webMaster><copyright>This work is licensed under a Creative Commons Attribution-NonCommercial 4.0 International License.</copyright><lastBuildDate>Wed, 08 Mar 2023 13:00:00 &#43;0800</lastBuildDate><atom:link href="https://seawave.com/tags/spring-boot/" rel="self" type="application/rss+xml" /><item>
    <title>Springboot项目中遇到的问题记录</title>
    <link>https://seawave.com/spring-problem-record/</link>
    <pubDate>Wed, 08 Mar 2023 13:00:00 &#43;0800</pubDate>
    <author>SeaWave</author>
    <guid>https://seawave.com/spring-problem-record/</guid>
    <description><![CDATA[Springboot项目中遇到的问题记录(持续记录) 问题描述：maven+springboot项目中，使用lombok注解导致无法编译，控制]]></description>
</item>
<item>
    <title>MyBatis-plus使用教程</title>
    <link>https://seawave.com/mybatis-plus/</link>
    <pubDate>Sat, 05 Mar 2022 02:00:00 &#43;0800</pubDate>
    <author>SeaWave</author>
    <guid>https://seawave.com/mybatis-plus/</guid>
    <description><![CDATA[什么是Mybatis-plus？ 简介 MyBatis-Plus (opens new window)（简称 MP）是一个 MyBatis (opens new window)的增强工具，在 MyBatis 的基础上只做增强不做改变，为简]]></description>
</item>
<item>
    <title>初识SpringBoot</title>
    <link>https://seawave.com/springboot-study/</link>
    <pubDate>Tue, 01 Mar 2022 19:00:00 &#43;0800</pubDate>
    <author>SeaWave</author>
    <guid>https://seawave.com/springboot-study/</guid>
    <description><![CDATA[什么是SpringBoot？ Spring Boot是由Pivotal团队提供的全新框架，其设计目的是用来简化新Spring应用的初始搭建以及开发过程。该]]></description>
</item>
<item>
    <title>MyBatis使用教程</title>
    <link>https://seawave.com/mybatis-study/</link>
    <pubDate>Sun, 05 Dec 2021 14:00:00 &#43;0800</pubDate>
    <author>SeaWave</author>
    <guid>https://seawave.com/mybatis-study/</guid>
    <description><![CDATA[什么是MyBatis？ 1.MyBatis介绍 MyBatis 是一款优秀的持久层框架，它支持定制化 SQL、存储过程以及高级映射。MyBatis 避免 了几乎所有]]></description>
</item>
</channel>
</rss>
