<rss xmlns:atom="http://www.w3.org/2005/Atom" version="2.0">
    <channel>
        <title>git - 标签 - SeaWave</title>
        <link>https://seawave.com/tags/git/</link>
        <description>git - 标签 - SeaWave</description>
        <generator>Hugo -- gohugo.io</generator><language>zh-CN</language><managingEditor>zheng@seawave.top (seawave)</managingEditor>
            <webMaster>zheng@seawave.top (seawave)</webMaster><copyright>This work is licensed under a Creative Commons Attribution-NonCommercial 4.0 International License.</copyright><lastBuildDate>Wed, 15 Mar 2023 12:16:26 &#43;0800</lastBuildDate><atom:link href="https://seawave.com/tags/git/" rel="self" type="application/rss+xml" /><item>
    <title>GitLab安装部署及配置CI/CD</title>
    <link>https://seawave.com/gitlab/</link>
    <pubDate>Wed, 15 Mar 2023 12:16:26 &#43;0800</pubDate>
    <author>SeaWave</author>
    <guid>https://seawave.com/gitlab/</guid>
    <description><![CDATA[GitLab 安装部署及配置 CI/CD 一、基本概念 1.什么是 GitLab？ GitLab 是利用 Ruby on Rails 一个开源的版本管理系统，实现一个自托管的 Git 项目仓库，可通过 Web 界面进行访问]]></description>
</item>
<item>
    <title>Git食用教程</title>
    <link>https://seawave.com/git-study/</link>
    <pubDate>Thu, 19 May 2022 14:00:00 &#43;0800</pubDate>
    <author>SeaWave</author>
    <guid>https://seawave.com/git-study/</guid>
    <description><![CDATA[Git—分布式版本控制系统 一、版本控制 概述 版本控制（Revision control）是一种在开发的过程中用于管理我们对文件、目录或工程等内容]]></description>
</item>
</channel>
</rss>
