<rss xmlns:atom="http://www.w3.org/2005/Atom" version="2.0">
    <channel>
        <title>Markdown - 标签 - SeaWave</title>
        <link>https://seawave.com/tags/markdown/</link>
        <description>Markdown - 标签 - SeaWave</description>
        <generator>Hugo -- gohugo.io</generator><language>zh-CN</language><managingEditor>zheng@seawave.top (seawave)</managingEditor>
            <webMaster>zheng@seawave.top (seawave)</webMaster><copyright>This work is licensed under a Creative Commons Attribution-NonCommercial 4.0 International License.</copyright><lastBuildDate>Thu, 05 Mar 2020 16:30:05 &#43;0800</lastBuildDate><atom:link href="https://seawave.com/tags/markdown/" rel="self" type="application/rss+xml" /><item>
    <title>主题文档 - 内容</title>
    <link>https://seawave.com/theme-documentation-content/</link>
    <pubDate>Thu, 05 Mar 2020 16:30:05 &#43;0800</pubDate>
    <author>Dillon</author>
    <guid>https://seawave.com/theme-documentation-content/</guid>
    <description><![CDATA[<p>了解如何在 <strong>LoveIt</strong> 主题中快速, 直观地创建和组织内容.</p>]]></description>
</item>
</channel>
</rss>
