<rss xmlns:atom="http://www.w3.org/2005/Atom" version="2.0">
    <channel>
        <title>协议 - 标签 - SeaWave</title>
        <link>https://seawave.com/tags/%E5%8D%8F%E8%AE%AE/</link>
        <description>协议 - 标签 - SeaWave</description>
        <generator>Hugo -- gohugo.io</generator><language>zh-CN</language><managingEditor>zheng@seawave.top (seawave)</managingEditor>
            <webMaster>zheng@seawave.top (seawave)</webMaster><copyright>This work is licensed under a Creative Commons Attribution-NonCommercial 4.0 International License.</copyright><lastBuildDate>Thu, 17 Mar 2022 00:30:26 &#43;0800</lastBuildDate><atom:link href="https://seawave.com/tags/%E5%8D%8F%E8%AE%AE/" rel="self" type="application/rss+xml" /><item>
    <title>初识MQTT协议</title>
    <link>https://seawave.com/mqtt-study/</link>
    <pubDate>Thu, 17 Mar 2022 00:30:26 &#43;0800</pubDate>
    <author>SeaWave</author>
    <guid>https://seawave.com/mqtt-study/</guid>
    <description><![CDATA[MQTT协议简解 MQTT(消息队列遥测传输)是ISO 标准(ISO/IEC PRF 20922)下基于发布/订阅范式的消息协议。它工作在 TCP/IP协]]></description>
</item>
</channel>
</rss>
