<rss xmlns:atom="http://www.w3.org/2005/Atom" version="2.0">
    <channel>
        <title>Windows小技巧 - 分类 - SeaWave</title>
        <link>https://seawave.com/categories/windows%E5%B0%8F%E6%8A%80%E5%B7%A7/</link>
        <description>Windows小技巧 - 分类 - SeaWave</description>
        <generator>Hugo -- gohugo.io</generator><language>zh-CN</language><managingEditor>zheng@seawave.top (seawave)</managingEditor>
            <webMaster>zheng@seawave.top (seawave)</webMaster><copyright>This work is licensed under a Creative Commons Attribution-NonCommercial 4.0 International License.</copyright><lastBuildDate>Tue, 12 Jan 2021 18:00:00 &#43;0800</lastBuildDate><atom:link href="https://seawave.com/categories/windows%E5%B0%8F%E6%8A%80%E5%B7%A7/" rel="self" type="application/rss+xml" /><item>
    <title>通过SakuraFrp进行远程桌面连接</title>
    <link>https://seawave.com/remote-desktop/</link>
    <pubDate>Tue, 12 Jan 2021 18:00:00 &#43;0800</pubDate>
    <author>SeaWave</author>
    <guid>https://seawave.com/remote-desktop/</guid>
    <description><![CDATA[SakuraFrp简介 SakuraFrp是目前市面上少有的免费内网穿透平台，可以用于个人搭建服务器和做一些应用的流量穿透。花生壳虽然也有免费]]></description>
</item>
</channel>
</rss>
