<rss xmlns:atom="http://www.w3.org/2005/Atom" version="2.0">
    <channel>
        <title>学习笔记 - 分类 - SeaWave</title>
        <link>https://seawave.com/categories/%E5%AD%A6%E4%B9%A0%E7%AC%94%E8%AE%B0/</link>
        <description>学习笔记 - 分类 - SeaWave</description>
        <generator>Hugo -- gohugo.io</generator><language>zh-CN</language><managingEditor>zheng@seawave.top (seawave)</managingEditor>
            <webMaster>zheng@seawave.top (seawave)</webMaster><copyright>This work is licensed under a Creative Commons Attribution-NonCommercial 4.0 International License.</copyright><lastBuildDate>Wed, 15 Mar 2023 12:16:26 &#43;0800</lastBuildDate><atom:link href="https://seawave.com/categories/%E5%AD%A6%E4%B9%A0%E7%AC%94%E8%AE%B0/" rel="self" type="application/rss+xml" /><item>
    <title>GitLab安装部署及配置CI/CD</title>
    <link>https://seawave.com/gitlab/</link>
    <pubDate>Wed, 15 Mar 2023 12:16:26 &#43;0800</pubDate>
    <author>SeaWave</author>
    <guid>https://seawave.com/gitlab/</guid>
    <description><![CDATA[GitLab 安装部署及配置 CI/CD 一、基本概念 1.什么是 GitLab？ GitLab 是利用 Ruby on Rails 一个开源的版本管理系统，实现一个自托管的 Git 项目仓库，可通过 Web 界面进行访问]]></description>
</item>
<item>
    <title>Springboot项目中遇到的问题记录</title>
    <link>https://seawave.com/spring-problem-record/</link>
    <pubDate>Wed, 08 Mar 2023 13:00:00 &#43;0800</pubDate>
    <author>SeaWave</author>
    <guid>https://seawave.com/spring-problem-record/</guid>
    <description><![CDATA[Springboot项目中遇到的问题记录(持续记录) 问题描述：maven+springboot项目中，使用lombok注解导致无法编译，控制]]></description>
</item>
<item>
    <title>Git食用教程</title>
    <link>https://seawave.com/git-study/</link>
    <pubDate>Thu, 19 May 2022 14:00:00 &#43;0800</pubDate>
    <author>SeaWave</author>
    <guid>https://seawave.com/git-study/</guid>
    <description><![CDATA[Git—分布式版本控制系统 一、版本控制 概述 版本控制（Revision control）是一种在开发的过程中用于管理我们对文件、目录或工程等内容]]></description>
</item>
<item>
    <title>Docker使用教程</title>
    <link>https://seawave.com/docker-study/</link>
    <pubDate>Sun, 01 May 2022 18:17:26 &#43;0800</pubDate>
    <author>SeaWave</author>
    <guid>https://seawave.com/docker-study/</guid>
    <description><![CDATA[Docker使用教程 Docker概述 Docker 是一个开源的应用容器引擎，让开发者可以打包他们的应用以及依赖包到一个可移植的镜像中，然后发布到任何流行]]></description>
</item>
<item>
    <title>Swagger使用教程</title>
    <link>https://seawave.com/swagger-study/</link>
    <pubDate>Fri, 29 Apr 2022 16:17:26 &#43;0800</pubDate>
    <author>SeaWave</author>
    <guid>https://seawave.com/swagger-study/</guid>
    <description><![CDATA[Swagger使用教程 安装 1 2 3 4 5 6 7 8 9 10 11 12 &lt;!--https://mvnrepository.com/artifact/io.springfox/springfox-swagger2 --&gt; &lt;dependency&gt; &lt;groupId&gt;io.springfox&lt;/groupId&gt; &lt;artifactId&gt;springfox-swagger2&lt;/artifactId&gt; &lt;version&gt;2.9.2&lt;/version&gt; &lt;/dependency&gt; &lt;!--https://mvnrepository.com/artifact/io.springfox/springfox-swagger-ui --&gt; &lt;dependency&gt; &lt;groupId&gt;io.springfox&lt;/groupId&gt; &lt;artifactId&gt;springfox-swagger-ui&lt;/artifactId&gt; &lt;version&gt;2.9.2&lt;/version&gt; &lt;/dependency&gt; 注意：swagger 2.9.2仅支持springboot2.5]]></description>
</item>
<item>
    <title>初识Redis</title>
    <link>https://seawave.com/redis-study/</link>
    <pubDate>Mon, 04 Apr 2022 12:00:26 &#43;0800</pubDate>
    <author>SeaWave</author>
    <guid>https://seawave.com/redis-study/</guid>
    <description><![CDATA[什么是Redis? 在Web应用发展的初期，那时关系型数据库受到了较为广泛的关注和应用，原因是因为那时候Web站点基本上访问和并发不高、交互也]]></description>
</item>
<item>
    <title>Junit使用教程</title>
    <link>https://seawave.com/junit-study/</link>
    <pubDate>Wed, 30 Mar 2022 00:30:26 &#43;0800</pubDate>
    <author>SeaWave</author>
    <guid>https://seawave.com/junit-study/</guid>
    <description><![CDATA[Junit 简介 单元测试工具（方法） 常用于白盒测试 官网https://junit.org/junit4/ 导入 创建一个普通Maven项目 在pom.xml]]></description>
</item>
<item>
    <title>初识MQTT协议</title>
    <link>https://seawave.com/mqtt-study/</link>
    <pubDate>Thu, 17 Mar 2022 00:30:26 &#43;0800</pubDate>
    <author>SeaWave</author>
    <guid>https://seawave.com/mqtt-study/</guid>
    <description><![CDATA[MQTT协议简解 MQTT(消息队列遥测传输)是ISO 标准(ISO/IEC PRF 20922)下基于发布/订阅范式的消息协议。它工作在 TCP/IP协]]></description>
</item>
<item>
    <title>MyBatis-plus使用教程</title>
    <link>https://seawave.com/mybatis-plus/</link>
    <pubDate>Sat, 05 Mar 2022 02:00:00 &#43;0800</pubDate>
    <author>SeaWave</author>
    <guid>https://seawave.com/mybatis-plus/</guid>
    <description><![CDATA[什么是Mybatis-plus？ 简介 MyBatis-Plus (opens new window)（简称 MP）是一个 MyBatis (opens new window)的增强工具，在 MyBatis 的基础上只做增强不做改变，为简]]></description>
</item>
<item>
    <title>初识SpringBoot</title>
    <link>https://seawave.com/springboot-study/</link>
    <pubDate>Tue, 01 Mar 2022 19:00:00 &#43;0800</pubDate>
    <author>SeaWave</author>
    <guid>https://seawave.com/springboot-study/</guid>
    <description><![CDATA[什么是SpringBoot？ Spring Boot是由Pivotal团队提供的全新框架，其设计目的是用来简化新Spring应用的初始搭建以及开发过程。该]]></description>
</item>
</channel>
</rss>
