<rss xmlns:atom="http://www.w3.org/2005/Atom" version="2.0">
    <channel>
        <title>配置 - 标签 - SeaWave</title>
        <link>https://seawave.com/tags/configuration/</link>
        <description>配置 - 标签 - SeaWave</description>
        <generator>Hugo -- gohugo.io</generator><language>zh-CN</language><managingEditor>zheng@seawave.top (seawave)</managingEditor>
            <webMaster>zheng@seawave.top (seawave)</webMaster><copyright>This work is licensed under a Creative Commons Attribution-NonCommercial 4.0 International License.</copyright><atom:link href="https://seawave.com/tags/configuration/" rel="self" type="application/rss+xml" /></channel>
</rss>
