<rss xmlns:atom="http://www.w3.org/2005/Atom" version="2.0">
    <channel>
        <title>邮箱 - 标签 - SeaWave</title>
        <link>https://seawave.com/tags/%E9%82%AE%E7%AE%B1/</link>
        <description>邮箱 - 标签 - SeaWave</description>
        <generator>Hugo -- gohugo.io</generator><language>zh-CN</language><managingEditor>zheng@seawave.top (seawave)</managingEditor>
            <webMaster>zheng@seawave.top (seawave)</webMaster><copyright>This work is licensed under a Creative Commons Attribution-NonCommercial 4.0 International License.</copyright><lastBuildDate>Mon, 20 Jan 2025 00:04:26 &#43;0800</lastBuildDate><atom:link href="https://seawave.com/tags/%E9%82%AE%E7%AE%B1/" rel="self" type="application/rss+xml" /><item>
    <title>第三方客户端添加邮箱的相关配置</title>
    <link>https://seawave.com/mail-config/</link>
    <pubDate>Mon, 20 Jan 2025 00:04:26 &#43;0800</pubDate>
    <author>SeaWave</author>
    <guid>https://seawave.com/mail-config/</guid>
    <description><![CDATA[用于记录常用第三方客户端添加邮箱的配置信息。包括IMAP(收),POP3(收),SMTP(发)。考虑到主流邮箱均已支持SSL，以下内容均为S]]></description>
</item>
</channel>
</rss>
