<rss xmlns:atom="http://www.w3.org/2005/Atom" version="2.0">
    <channel>
        <title>Documentation - Category - SeaWave</title>
        <link>https://seawave.com/en/categories/documentation/</link>
        <description>Documentation - Category - SeaWave</description>
        <generator>Hugo -- gohugo.io</generator><language>en</language><managingEditor>zheng@seawave.top (seawave)</managingEditor>
            <webMaster>zheng@seawave.top (seawave)</webMaster><lastBuildDate>Thu, 05 Mar 2020 15:58:26 &#43;0800</lastBuildDate><atom:link href="https://seawave.com/en/categories/documentation/" rel="self" type="application/rss+xml" /><item>
    <title>Theme Documentation - Content</title>
    <link>https://seawave.com/en/theme-documentation-content/</link>
    <pubDate>Thu, 05 Mar 2020 15:58:26 &#43;0800</pubDate>
    <author>Dillon</author>
    <guid>https://seawave.com/en/theme-documentation-content/</guid>
    <description><![CDATA[<p>Find out how to create and organize your content quickly and intuitively in <strong>LoveIt</strong> theme.</p>]]></description>
</item>
</channel>
</rss>
