<rss xmlns:atom="http://www.w3.org/2005/Atom" version="2.0">
    <channel>
        <title>折腾记录 - 分类 - SeaWave</title>
        <link>https://seawave.com/categories/%E6%8A%98%E8%85%BE%E8%AE%B0%E5%BD%95/</link>
        <description>折腾记录 - 分类 - SeaWave</description>
        <generator>Hugo -- gohugo.io</generator><language>zh-CN</language><managingEditor>zheng@seawave.top (seawave)</managingEditor>
            <webMaster>zheng@seawave.top (seawave)</webMaster><copyright>This work is licensed under a Creative Commons Attribution-NonCommercial 4.0 International License.</copyright><lastBuildDate>Mon, 20 Jan 2025 00:04:26 &#43;0800</lastBuildDate><atom:link href="https://seawave.com/categories/%E6%8A%98%E8%85%BE%E8%AE%B0%E5%BD%95/" rel="self" type="application/rss+xml" /><item>
    <title>第三方客户端添加邮箱的相关配置</title>
    <link>https://seawave.com/mail-config/</link>
    <pubDate>Mon, 20 Jan 2025 00:04:26 &#43;0800</pubDate>
    <author>SeaWave</author>
    <guid>https://seawave.com/mail-config/</guid>
    <description><![CDATA[用于记录常用第三方客户端添加邮箱的配置信息。包括IMAP(收),POP3(收),SMTP(发)。考虑到主流邮箱均已支持SSL，以下内容均为S]]></description>
</item>
<item>
    <title>VirtualBox安装MacOS虚拟机</title>
    <link>https://seawave.com/vb-mac/</link>
    <pubDate>Fri, 13 May 2022 16:30:26 &#43;0800</pubDate>
    <author>SeaWave</author>
    <guid>https://seawave.com/vb-mac/</guid>
    <description><![CDATA[在VirtualBox中安装MacOS 前言 博主环境如下： 宿主机：WINDOWS 10 H1H2 VirtualBox版本：6.1.34 虚拟机设置如下： 内存]]></description>
</item>
</channel>
</rss>
