<rss xmlns:atom="http://www.w3.org/2005/Atom" version="2.0">
    <channel>
        <title>mybatis - 标签 - SeaWave</title>
        <link>https://seawave.com/tags/mybatis/</link>
        <description>mybatis - 标签 - SeaWave</description>
        <generator>Hugo -- gohugo.io</generator><language>zh-CN</language><managingEditor>zheng@seawave.top (seawave)</managingEditor>
            <webMaster>zheng@seawave.top (seawave)</webMaster><copyright>This work is licensed under a Creative Commons Attribution-NonCommercial 4.0 International License.</copyright><lastBuildDate>Sun, 05 Dec 2021 14:00:00 &#43;0800</lastBuildDate><atom:link href="https://seawave.com/tags/mybatis/" rel="self" type="application/rss+xml" /><item>
    <title>MyBatis使用教程</title>
    <link>https://seawave.com/mybatis-study/</link>
    <pubDate>Sun, 05 Dec 2021 14:00:00 &#43;0800</pubDate>
    <author>SeaWave</author>
    <guid>https://seawave.com/mybatis-study/</guid>
    <description><![CDATA[什么是MyBatis？ 1.MyBatis介绍 MyBatis 是一款优秀的持久层框架，它支持定制化 SQL、存储过程以及高级映射。MyBatis 避免 了几乎所有]]></description>
</item>
</channel>
</rss>
