<rss xmlns:atom="http://www.w3.org/2005/Atom" version="2.0">
    <channel>
        <title>Java - 标签 - SeaWave</title>
        <link>https://seawave.com/tags/java/</link>
        <description>Java - 标签 - SeaWave</description>
        <generator>Hugo -- gohugo.io</generator><language>zh-CN</language><managingEditor>zheng@seawave.top (seawave)</managingEditor>
            <webMaster>zheng@seawave.top (seawave)</webMaster><copyright>This work is licensed under a Creative Commons Attribution-NonCommercial 4.0 International License.</copyright><lastBuildDate>Wed, 08 Mar 2023 13:00:00 &#43;0800</lastBuildDate><atom:link href="https://seawave.com/tags/java/" rel="self" type="application/rss+xml" /><item>
    <title>Springboot项目中遇到的问题记录</title>
    <link>https://seawave.com/spring-problem-record/</link>
    <pubDate>Wed, 08 Mar 2023 13:00:00 &#43;0800</pubDate>
    <author>SeaWave</author>
    <guid>https://seawave.com/spring-problem-record/</guid>
    <description><![CDATA[Springboot项目中遇到的问题记录(持续记录) 问题描述：maven+springboot项目中，使用lombok注解导致无法编译，控制]]></description>
</item>
<item>
    <title>Docker使用教程</title>
    <link>https://seawave.com/docker-study/</link>
    <pubDate>Sun, 01 May 2022 18:17:26 &#43;0800</pubDate>
    <author>SeaWave</author>
    <guid>https://seawave.com/docker-study/</guid>
    <description><![CDATA[Docker使用教程 Docker概述 Docker 是一个开源的应用容器引擎，让开发者可以打包他们的应用以及依赖包到一个可移植的镜像中，然后发布到任何流行]]></description>
</item>
<item>
    <title>Swagger使用教程</title>
    <link>https://seawave.com/swagger-study/</link>
    <pubDate>Fri, 29 Apr 2022 16:17:26 &#43;0800</pubDate>
    <author>SeaWave</author>
    <guid>https://seawave.com/swagger-study/</guid>
    <description><![CDATA[Swagger使用教程 安装 1 2 3 4 5 6 7 8 9 10 11 12 &lt;!--https://mvnrepository.com/artifact/io.springfox/springfox-swagger2 --&gt; &lt;dependency&gt; &lt;groupId&gt;io.springfox&lt;/groupId&gt; &lt;artifactId&gt;springfox-swagger2&lt;/artifactId&gt; &lt;version&gt;2.9.2&lt;/version&gt; &lt;/dependency&gt; &lt;!--https://mvnrepository.com/artifact/io.springfox/springfox-swagger-ui --&gt; &lt;dependency&gt; &lt;groupId&gt;io.springfox&lt;/groupId&gt; &lt;artifactId&gt;springfox-swagger-ui&lt;/artifactId&gt; &lt;version&gt;2.9.2&lt;/version&gt; &lt;/dependency&gt; 注意：swagger 2.9.2仅支持springboot2.5]]></description>
</item>
<item>
    <title>初识Redis</title>
    <link>https://seawave.com/redis-study/</link>
    <pubDate>Mon, 04 Apr 2022 12:00:26 &#43;0800</pubDate>
    <author>SeaWave</author>
    <guid>https://seawave.com/redis-study/</guid>
    <description><![CDATA[什么是Redis? 在Web应用发展的初期，那时关系型数据库受到了较为广泛的关注和应用，原因是因为那时候Web站点基本上访问和并发不高、交互也]]></description>
</item>
<item>
    <title>Junit使用教程</title>
    <link>https://seawave.com/junit-study/</link>
    <pubDate>Wed, 30 Mar 2022 00:30:26 &#43;0800</pubDate>
    <author>SeaWave</author>
    <guid>https://seawave.com/junit-study/</guid>
    <description><![CDATA[Junit 简介 单元测试工具（方法） 常用于白盒测试 官网https://junit.org/junit4/ 导入 创建一个普通Maven项目 在pom.xml]]></description>
</item>
<item>
    <title>MyBatis-plus使用教程</title>
    <link>https://seawave.com/mybatis-plus/</link>
    <pubDate>Sat, 05 Mar 2022 02:00:00 &#43;0800</pubDate>
    <author>SeaWave</author>
    <guid>https://seawave.com/mybatis-plus/</guid>
    <description><![CDATA[什么是Mybatis-plus？ 简介 MyBatis-Plus (opens new window)（简称 MP）是一个 MyBatis (opens new window)的增强工具，在 MyBatis 的基础上只做增强不做改变，为简]]></description>
</item>
<item>
    <title>初识SpringBoot</title>
    <link>https://seawave.com/springboot-study/</link>
    <pubDate>Tue, 01 Mar 2022 19:00:00 &#43;0800</pubDate>
    <author>SeaWave</author>
    <guid>https://seawave.com/springboot-study/</guid>
    <description><![CDATA[什么是SpringBoot？ Spring Boot是由Pivotal团队提供的全新框架，其设计目的是用来简化新Spring应用的初始搭建以及开发过程。该]]></description>
</item>
<item>
    <title>初识SpringMVC</title>
    <link>https://seawave.com/springmvc-study/</link>
    <pubDate>Tue, 28 Dec 2021 20:50:00 &#43;0800</pubDate>
    <author>SeaWave</author>
    <guid>https://seawave.com/springmvc-study/</guid>
    <description><![CDATA[什么是SpringMVC？ 1、简介 很多应用程序的问题在于处理业务数据的对象和显示业务数据的视图之间存在紧密耦合，通常，更新业务对象的命令都是]]></description>
</item>
<item>
    <title>初识Spring5</title>
    <link>https://seawave.com/spring-study/</link>
    <pubDate>Fri, 17 Dec 2021 00:50:00 &#43;0800</pubDate>
    <author>SeaWave</author>
    <guid>https://seawave.com/spring-study/</guid>
    <description><![CDATA[什么是Spring？ 1、简介 Spring框架是由于软件开发的复杂性而创建的。Spring使用的是基本的JavaBean来完成以前只可能由EJ]]></description>
</item>
<item>
    <title>MyBatis使用教程</title>
    <link>https://seawave.com/mybatis-study/</link>
    <pubDate>Sun, 05 Dec 2021 14:00:00 &#43;0800</pubDate>
    <author>SeaWave</author>
    <guid>https://seawave.com/mybatis-study/</guid>
    <description><![CDATA[什么是MyBatis？ 1.MyBatis介绍 MyBatis 是一款优秀的持久层框架，它支持定制化 SQL、存储过程以及高级映射。MyBatis 避免 了几乎所有]]></description>
</item>
</channel>
</rss>
