<rss xmlns:atom="http://www.w3.org/2005/Atom" version="2.0">
    <channel>
        <title>前端 - 标签 - SeaWave</title>
        <link>https://seawave.com/tags/%E5%89%8D%E7%AB%AF/</link>
        <description>前端 - 标签 - SeaWave</description>
        <generator>Hugo -- gohugo.io</generator><language>zh-CN</language><managingEditor>zheng@seawave.top (seawave)</managingEditor>
            <webMaster>zheng@seawave.top (seawave)</webMaster><copyright>This work is licensed under a Creative Commons Attribution-NonCommercial 4.0 International License.</copyright><lastBuildDate>Wed, 05 Jan 2022 21:00:00 &#43;0800</lastBuildDate><atom:link href="https://seawave.com/tags/%E5%89%8D%E7%AB%AF/" rel="self" type="application/rss+xml" /><item>
    <title>Vue快速入门</title>
    <link>https://seawave.com/vue-study/</link>
    <pubDate>Wed, 05 Jan 2022 21:00:00 &#43;0800</pubDate>
    <author>SeaWave</author>
    <guid>https://seawave.com/vue-study/</guid>
    <description><![CDATA[Vue快速入门 以下所有代码均可在浏览器直接运行，替换body即可。为了节省空间，里的内容需自行添加。 1.导入Vue 1 &lt;script src=&#34;https://cdn.jsdelivr.net/npm/vue@2.6.14/dist/vue.min.js&#34;&gt;&lt;/script&gt; 2.数据绑定 方式一：]]></description>
</item>
</channel>
</rss>
