<rss xmlns:atom="http://www.w3.org/2005/Atom" version="2.0">
    <channel>
        <title>虚拟机 - 标签 - SeaWave</title>
        <link>https://seawave.com/tags/%E8%99%9A%E6%8B%9F%E6%9C%BA/</link>
        <description>虚拟机 - 标签 - SeaWave</description>
        <generator>Hugo -- gohugo.io</generator><language>zh-CN</language><managingEditor>zheng@seawave.top (seawave)</managingEditor>
            <webMaster>zheng@seawave.top (seawave)</webMaster><copyright>This work is licensed under a Creative Commons Attribution-NonCommercial 4.0 International License.</copyright><lastBuildDate>Fri, 13 May 2022 16:30:26 &#43;0800</lastBuildDate><atom:link href="https://seawave.com/tags/%E8%99%9A%E6%8B%9F%E6%9C%BA/" rel="self" type="application/rss+xml" /><item>
    <title>VirtualBox安装MacOS虚拟机</title>
    <link>https://seawave.com/vb-mac/</link>
    <pubDate>Fri, 13 May 2022 16:30:26 &#43;0800</pubDate>
    <author>SeaWave</author>
    <guid>https://seawave.com/vb-mac/</guid>
    <description><![CDATA[在VirtualBox中安装MacOS 前言 博主环境如下： 宿主机：WINDOWS 10 H1H2 VirtualBox版本：6.1.34 虚拟机设置如下： 内存]]></description>
</item>
</channel>
</rss>
